name	path
1-Up Mushroom	Decor/Figurines & Models
2021 celebratory arch	Outdoors/Garden
2022 celebratory arch	Outdoors/Garden
? Block	Toys/Toy
ABD	Electronics/Appliance
ACNH Nintendo Switch	Electronics/Game Console
Aquarius urn	Decor/Figurines & Models
Aries rocking chair	Furniture/Chair
Baby bear	Toys/Toy
Baby panda	Toys/Toy
Big Man bench	Furniture/Bench
Brake Tapper	Toys/Arcade
Bunny Day arch	Outdoors/Garden
Bunny Day basket	Furniture/Storage
Bunny Day bed	Furniture/Bed
Bunny Day candy	Kitchen/Food
Bunny Day festive balloons	Decor/Ceiling Decor
Bunny Day garden flag	Decor/Wall Decor
Bunny Day glowy garland	Decor/Wall Decor
Bunny Day lamp	Decor/Lighting
Bunny Day merry balloons	Decor/Ceiling Decor
Bunny Day planter box	Decor/Plants
Bunny Day stool	Furniture/Stool
Bunny Day table	Furniture/Table
Bunny Day topiary	Decor/Plants
Bunny Day tree	Decor/Plants
Bunny Day vanity	Furniture/Vanity
Bunny Day wall clock	Furniture/Clock
Bunny Day wardrobe	Furniture/Storage
Bunny Day wreath	Decor/Wall Decor
Cancer table	Furniture/Table
Capricorn ornament	Decor/Figurines & Models
Casablanca lilies	Decor/Plants
Chinese-style meal	Kitchen/Food
Cinnamoroll parasol	Decor/Parasols
Cinnamoroll signage	Decor/Wall Decor
Cinnamoroll sofa	Furniture/Sofa
Cinnamoroll stool	Furniture/Stool
Cinnamoroll table	Furniture/Table
Cinnamoroll tray	Kitchen/Tray
Crab Tank	Pets/Pet
DAL model plane	Decor/Figurines & Models
DAL mug	Kitchen/Cups
DIY workbench	Furniture/Bench
DJ's turntable	Electronics/Audio
Dala horse	Decor/Figurines & Models
Decayed Guardian	Decor/Figurines & Models
EKG machine	Electronics/Medical
Famicom	Electronics/Game Console
Famicom Disk System	Electronics/Game Console
Festivale balloon lamp	Decor/Lighting
Festivale confetti machine	Electronics/Machine
Festivale drum	Decor/Instruments/Drums
Festivale flag	Decor/Wall Decor
Festivale float	Outdoors/Garden
Festivale garland	Decor/Wall Decor
Festivale lamp	Decor/Lighting
Festivale parasol	Decor/Parasols
Festivale stage	Outdoors/Garden
Festivale stall	Outdoors/Garden
Fire Flower	Decor/Plants
Game Boy	Electronics/Game Console
Gemini closet	Furniture/Storage
Goal Pole	Outdoors/Sports
Goddess Statue	Decor/Figurines & Models
Golden Egg	Decor/Figurines & Models
HHA pennant	Decor/Wall Decor
Heart Container	Decor/Figurines & Models
Hello Kitty bed	Furniture/Bed
Hello Kitty chair	Furniture/Chair
Hello Kitty clock	Furniture/Clock
Hello Kitty drawers	Furniture/Storage
Hello Kitty planter	Decor/Plants
Hello Kitty table	Furniture/Table
IV drip	Electronics/Medical
Jack's portrait	Decor/Art & Craft
Japanese dresser	Furniture/Storage
Japanese-style meal	Kitchen/Food
Kerokerokeroppi bridge	Outdoors/Garden
Kerokerokeroppi doll	Toys/Toy
Kerokerokeroppi hallway	Decor/Wall Decor
Kerokerokeroppi lantern	Decor/Lighting
Kerokerokeroppi snack	Kitchen/Food
Kerokerokeroppi tray	Kitchen/Tray
Kiki & Lala bed	Furniture/Bed
Kiki & Lala clock	Furniture/Clock
Kiki & Lala cloud maker	Decor/Figurines & Models
Kiki & Lala sofa	Furniture/Sofa
Kiki & Lala table	Furniture/Table
LCD TV (20 in.)	Electronics/TV
LCD TV (50 in.)	Electronics/TV
LEGO® DIY workbench	Furniture/Bench
LEGO® arcade game	Toys/Toy
LEGO® bed	Furniture/Bed
LEGO® fireplace	Toys/Figurine
LEGO® partition	Decor/Wall Decor
LEGO® plum blossom	Toys/Figurine
LEGO® sofa	Furniture/Sofa
LEGO® table	Furniture/Table
Leo sculpture	Decor/Figurines & Models
Libra scale	Decor/Figurines & Models
Love Tester	Electronics/Machine
Luna's bed	Furniture/Bed
Lunar New Year decoration	Decor/Figurines & Models
M. sunset moth model	Decor/Figurines & Models
Mama bear	Toys/Toy
Mama panda	Toys/Toy
Market Place decoration	Outdoors/Garden
Master Sword	Decor/Armor & Weapons
Mom's art	Decor/Art & Craft
Mom's candle set	Decor/Lighting
Mom's cushion	Decor/Cushion
Mom's embroidery	Decor/Art & Craft
Mom's homemade cake	Kitchen/Food
Mom's pen stand	Furniture/Storage
Mom's plushie	Toys/Toy
Mom's tea cozy	Kitchen/Tea
Mom's tissue box	Bathroom/Bathroom
Moroccan footrest	Furniture/Ottoman
Moroccan lights	Decor/Lighting
Moroccan sofa	Furniture/Sofa
Moroccan tray table	Furniture/Table
Mr. Flamingo	Decor/Figurines & Models
Mrs. Flamingo	Decor/Figurines & Models
My Melody bed	Furniture/Bed
My Melody chair	Furniture/Chair
My Melody clock	Furniture/Clock
My Melody dresser	Furniture/Storage
My Melody table	Furniture/Table
NES	Electronics/Game Console
Napoleonfish model	Decor/Figurines & Models
New Year's noodles	Kitchen/Food
New Year's shimekazari	Decor/Seasonal
Newton's cradle	Decor/Desk & Office
Nintendo Switch	Electronics/Game Console
Nintendo Switch 2	Electronics/Game Console
Nintendo Switch Lite	Electronics/Game Console
Nook Inc. cushion	Decor/Cushion
Nook Inc. doorplate	Decor/Wall Decor
Nook Inc. poster	Decor/Wall Decor
Nook Inc. toilet paper	Bathroom/Bathroom
Nook Inc. yoga mat	Outdoors/Fitness
Nordic chair	Furniture/Chair
Nordic low table	Furniture/Table
Nordic lowboard	Furniture/Storage
Nordic pendant light	Decor/Lighting
Nordic shelves	Furniture/Shelf
Nordic sofa	Furniture/Sofa
Nordic table	Furniture/Table
OK Motors sign	Decor/Wall Decor
Olivier salad	Kitchen/Food
PA speaker	Electronics/Audio
Papa bear	Toys/Toy
Papa panda	Toys/Toy
Paradise Planning candles	Decor/Lighting
Paradise Planning cushion	Decor/Cushion
Paradise Planning hammock	Furniture/Bed
Paradise Planning mug	Kitchen/Cups
Paradise Planning photo	Decor/Wall Decor
Paradise Planning planter	Decor/Plants
Paradise Planning poster	Decor/Wall Decor
Paradise Planning tissues	Bathroom/Tissues
Paradise Planning wall flag	Decor/Wall Decor
Pisces lamp	Decor/Lighting
Pocket modern camper	Toys/Vehicle
Pocket vintage camper	Toys/Vehicle
Pompompurin TV	Electronics/TV
Pompompurin bed	Furniture/Bed
Pompompurin chair	Furniture/Chair
Pompompurin pudding	Kitchen/Food
Pompompurin rack	Furniture/Rack
Pompompurin table	Furniture/Table
R. Brooke's birdwing model	Decor/Figurines & Models
RC helicopter	Toys/Vehicle
Reese & Cyrus photo plate	Decor/Wall Decor
Resetti model	Decor/Figurines & Models
Ring-Con	Toys/Game
Roost sablé cookie	Kitchen/Food
Rover's briefcase	Furniture/Storage
SLR camera	Electronics/Camera
Sagittarius arrow	Decor/Figurines & Models
Scorpio lamp	Decor/Lighting
Shell	Decor/Figurines & Models
South Pole	Decor/Figurines & Models
Splatfest sign center panel	Decor/Wall Decor
Splatfest sign left panel	Decor/Wall Decor
Splatfest sign right panel	Decor/Wall Decor
Splatoon locker	Furniture/Storage
Splattershot	Decor/Armor & Weapons
Statue of Liberty	Decor/Figurines & Models
Stonehenge	Outdoors/Garden
Super Famicom	Electronics/Game Console
Super Mushroom	Decor/Figurines & Models
Super NES (NTSC version)	Electronics/Game Console
Super NES (PAL version)	Electronics/Game Console
Super Sea Snail	Decor/Figurines & Models
Super Star	Decor/Figurines & Models
TV camera	Electronics/Camera
TV with VCR	Electronics/TV
Taurus bathtub	Bathroom/Bathroom
Thwomp	Decor/Figurines & Models
Tower of Pisa	Decor/Figurines & Models
Toy Day sleigh	Toys/Toy
Toy Day stockings	Decor/Wall Decor
Triforce	Decor/Figurines & Models
Turkey Day casserole	Kitchen/Food
Turkey Day chair	Furniture/Chair
Turkey Day decorations	Decor/Seasonal
Turkey Day garden stand	Outdoors/Garden
Turkey Day hearth	Decor/Fireplaces & Hearths
Turkey Day table	Furniture/Table
Turkey Day table setting	Furniture/Table
Turkey Day wheat decor	Decor/Seasonal
Ultra Hand	Toys/Game
Ultra Machine	Toys/Game
Virgo harp	Decor/Instruments/Harp
Yule log	Kitchen/Food
Yut Nori	Toys/Game
Zonai authentication crest	Decor/Figurines & Models
accessories stand	Furniture/Storage
acoustic guitar	Decor/Instruments/Guitar
afternoon-tea set	Kitchen/Tea
agrias butterfly model	Decor/Figurines & Models
air circulator	Electronics/Fan
air conditioner	Electronics/Air Conditioner
aji fry	Kitchen/Food
aloha-edition carrying case	Electronics/Game Console
alto saxophone	Decor/Instruments/Saxophone
aluminum briefcase	Furniture/Storage
amazing machine	Decor/Figurines & Models
amp	Electronics/Amplifier
analog kitchen scale	Kitchen/Scale
anatomical model	Decor/Figurines & Models
anchoas al ajillo	Kitchen/Food
anchor statue	Decor/Figurines & Models
anchovy model	Decor/Figurines & Models
angelfish model	Decor/Figurines & Models
angled signpost	Decor/Wall Decor
ant farm	Pets/Pet
ant model	Decor/Figurines & Models
anthurium plant	Decor/Plants
antique bed	Furniture/Bed
antique bureau	Furniture/Storage
antique cash register	Kitchen/Kitchenware
antique chair	Furniture/Chair
antique clock	Furniture/Clock
antique console table	Furniture/Table
antique map	Decor/Wall Decor
antique mini table	Furniture/Table
antique phone	Electronics/Phone
antique radio	Electronics/Audio
antique table	Furniture/Table
antique vanity	Furniture/Vanity
antique wardrobe	Furniture/Storage
apple chair	Furniture/Chair
apple jam	Kitchen/Food
apple jelly	Kitchen/Food
apple pie	Kitchen/Food
apple smoothie	Kitchen/Drink
apple tart	Kitchen/Food
arapaima model	Decor/Figurines & Models
arcade combat game	Toys/Toy
arcade fighting game	Toys/Toy
arcade mahjong game	Toys/Toy
arcade seat	Furniture/Chair
arched reception counter	Kitchen/Kitchenware
aroma pot	Kitchen/Cookware
arowana model	Decor/Figurines & Models
art plaque	Decor/Wall Decor
artful bed	Furniture/Bed
artful chair	Furniture/Chair
artful lamp	Decor/Lighting
artful screen	Decor/Wall Decor
artful shelves	Furniture/Shelf
artisanal bug cage	Pets/Pet
artsy chair	Furniture/Chair
artsy table	Furniture/Table
asteroid	Decor/Figurines & Models
astronaut suit	Decor/Figurines & Models
autograph cards	Decor/Wall Decor
automatic washer	Electronics/Appliance
azumaya gazebo	Outdoors/Garden
baby bed	Furniture/Bed
baby chair	Furniture/Chair
backlit sign	Decor/Wall Decor
bagworm model	Decor/Figurines & Models
baked potatoes	Kitchen/Food
ball	Toys/Toy
ball catcher	Toys/Toy
bamboo basket	Furniture/Storage
bamboo bench	Furniture/Bench
bamboo candleholder	Decor/Lighting
bamboo doll	Toys/Toy
bamboo drum	Decor/Instruments/Drums
bamboo floor lamp	Decor/Lighting
bamboo grass	Decor/Plants
bamboo lunch box	Furniture/Storage
bamboo noodle slide	Toys/Toy
bamboo partition	Decor/Wall Decor
bamboo shelf	Furniture/Storage
bamboo speaker	Electronics/Audio
bamboo sphere	Decor/Vases & Ornaments
bamboo stool	Furniture/Stool
bamboo stopblock	Toys/Toy
bamboo wall decoration	Decor/Wall Decor
bamboo-shoot lamp	Decor/Lighting
bamboo-shoot soup	Kitchen/Food
banker's lamp	Decor/Lighting
baobab	Decor/Plants
barbecue	Outdoors/Garden
barbell	Outdoors/Fitness
barred knifejaw model	Decor/Figurines & Models
barred-knifejaw carpaccio	Kitchen/Food
barrel	Furniture/Storage
barreleye model	Decor/Figurines & Models
baseball set	Outdoors/Sports
basic school chair	Furniture/Chair
basic teacher's desk	Furniture/Desk
basketball hoop	Outdoors/Sports
bath bucket	Bathroom/Bathroom
bath stool	Bathroom/Bathroom
bathroom sink	Bathroom/Sink
bathroom stall	Bathroom/Bathroom
bathroom towel rack	Bathroom/Bathroom
bathtub with yuzu	Bathroom/Bathroom
beach ball	Toys/Toy
beach chair	Furniture/Chair
beach chairs with parasol	Furniture/Chair
beach towel	Bathroom/Bathroom
beekeeper's hive	Outdoors/Garden
bell cricket model	Decor/Figurines & Models
berliner	Kitchen/Food
betta model	Decor/Figurines & Models
bidet	Bathroom/Bathroom
big festive tree	Decor/Plants
billiard table	Furniture/Table
bingo wheel	Toys/Game
bird mobile	Decor/Ceiling Decor
bird-of-paradise	Decor/Plants
birdbath	Outdoors/Garden
birdcage	Pets/Pet
birdhouse	Outdoors/Garden
birthday cake	Kitchen/Food
birthday candles	Decor/Lighting
birthday cupcake	Kitchen/Food
birthday sign	Decor/Wall Decor
birthday table	Furniture/Table
biryani	Kitchen/Food
bistro table	Furniture/Table
bitterling model	Decor/Figurines & Models
black bass model	Decor/Figurines & Models
block	Toys/Toy
blood-orange juice	Kitchen/Drink
blossom lantern	Decor/Lighting
blossom-viewing lantern	Decor/Lighting
blowfish model	Decor/Figurines & Models
blue corner	Outdoors/Sports
blue marlin model	Decor/Figurines & Models
blue rose wreath	Decor/Wall Decor
blue weevil beetle model	Decor/Figurines & Models
bluegill model	Decor/Figurines & Models
board game	Toys/Game
bone doorplate	Decor/Wall Decor
bonfire	Outdoors/Garden
bonsai shelf	Decor/Plants
book	Decor/Art & Craft
book stands	Furniture/Storage
boomerang	Toys/Toy
bottle crate	Furniture/Storage
bottled beverage	Kitchen/Drink
bottled ship	Decor/Vases & Ornaments
bow	Decor/Armor & Weapons
box corner sofa	Furniture/Sofa
box sofa	Furniture/Sofa
box-shaped seat	Furniture/Chair
boxy stool	Furniture/Stool
bread	Kitchen/Food
bread gratin	Kitchen/Food
breaker	Electronics/Safety
brick oven	Kitchen/Appliance/Oven
brick pillar	Furniture/Pillar
brick well	Outdoors/Garden
brine-shrimp aquarium	Pets/Pet
bronze HHA plaque	Decor/Wall Decor
bronze HHA trophy	Decor/Figurines & Models
bronze bug trophy	Decor/Figurines & Models
bronze fish trophy	Decor/Figurines & Models
broom and dustpan	Bathroom/Cleaning
brown cicada model	Decor/Figurines & Models
brown-sugar cupcakes	Kitchen/Food
brown-sugar pound cake	Kitchen/Food
bubble machine	Electronics/Machine
bug plaque	Decor/Wall Decor
bug poster	Decor/Wall Decor
bulldozer	Toys/Vehicle
bulletin board	Decor/Wall Decor
bunk bed	Furniture/Bed
bunny garden decoration	Outdoors/Garden
busing station	Outdoors/Garden
butter churn	Kitchen/Cookware
butterfly fish model	Decor/Figurines & Models
butterfly-fish model	Decor/Figurines & Models
cacao tree	Decor/Plants
cactus	Decor/Plants
caged cart	Kitchen/Kitchenware
cake salé	Kitchen/Food
camp stove	Kitchen/Appliance/Stove
campfire	Outdoors/Garden
campfire cookware	Kitchen/Cookware
camping cot	Furniture/Bed
campsite sign	Outdoors/Garden
candle	Decor/Lighting
candle chandelier	Decor/Lighting
candy machine	Electronics/Machine
cans	Kitchen/Drink
caprese sandwich set	Kitchen/Food
capsule-toy machine	Electronics/Machine
card tower	Toys/Toy
cardboard bed	Furniture/Bed
cardboard box	Furniture/Storage
cardboard chair	Furniture/Chair
cardboard sofa	Furniture/Sofa
cardboard table	Furniture/Table
cards	Toys/Toy
carnations	Decor/Plants
carp banner	Decor/Wall Decor
carp model	Decor/Figurines & Models
carp on a cutting board	Kitchen/Cookware
carpaccio di capesante	Kitchen/Food
carpaccio di marlin blu	Kitchen/Food
carpaccio di salmone	Kitchen/Food
carrot bagel sandwich	Kitchen/Food
carrot cake	Kitchen/Food
carrot juice	Kitchen/Food
carrot potage	Kitchen/Food
carrot scones	Kitchen/Food
carrot-tops curry	Kitchen/Food
carton beverage	Kitchen/Drink
cartoonist's set	Decor/Art & Craft
cassette player	Electronics/Music Player
castle gate	Outdoors/Garden
castle tower	Outdoors/Garden
castle wall	Decor/Wall Decor
cat grass	Decor/Plants
cat plushie	Toys/Toy
cat tower	Pets/Pet
catfish model	Decor/Figurines & Models
cave	Decor/Figurines & Models
ceiling fan	Electronics/Fan
ceiling spotlight	Decor/Lighting
celebratory candles	Decor/Lighting
cello	Decor/Instruments/Cello
cement mixer	Toys/Vehicle
centipede model	Decor/Figurines & Models
chafing dish	Kitchen/Food
chainsaw	Electronics/Power Tool
chalkboard	Decor/Wall Decor
champion's pennant	Decor/Wall Decor
champiñones al ajillo	Kitchen/Food
chandelier	Decor/Lighting
changing room	Furniture/Storage
char model	Decor/Figurines & Models
checkout counter	Kitchen/Kitchenware
cherry jam	Kitchen/Food
cherry jelly	Kitchen/Food
cherry lamp	Decor/Lighting
cherry pie	Kitchen/Food
cherry salmon model	Decor/Figurines & Models
cherry smoothie	Kitchen/Drink
cherry speakers	Electronics/Audio
cherry tart	Kitchen/Food
cherry-blossom bonsai	Decor/Plants
cherry-blossom branches	Decor/Wall Decor
cherry-blossom clock	Furniture/Clock
cherry-blossom pond stone	Outdoors/Garden
cherry-blossom-petal pile	Decor/Seasonal
chessboard	Toys/Game
chic cosmos wreath	Decor/Wall Decor
chic windflower wreath	Decor/Wall Decor
chocolate heart	Kitchen/Food
cicada shell model	Decor/Figurines & Models
circle cushion	Decor/Cushion
citrus long-horned b. model	Decor/Figurines & Models
clackercart	Toys/Vehicle
clam chowder	Kitchen/Food
clarinet	Decor/Instruments/Clarinet
classic pitcher	Kitchen/Pitcher
claw-foot tub	Bathroom/Bath
clay furnace	Decor/Figurines & Models
climbing wall	Toys/Playground
clipboard	Decor/Wall Decor
clothes closet	Furniture/Storage
clothesline	Outdoors/Garden
clothesline pole	Outdoors/Garden
clown fish model	Decor/Figurines & Models
coconut cookies	Kitchen/Food
coconut juice	Kitchen/Drink
coconut milk	Kitchen/Drink
coconut oil	Kitchen/Food
coconut pancakes	Kitchen/Food
coconut pudding	Kitchen/Food
coconut wall planter	Decor/Plants
coelacanth model	Decor/Figurines & Models
coffee beans	Kitchen/Drink
coffee cup	Kitchen/Cups
coffee grinder	Kitchen/Drink
coffee plant	Decor/Plants
coin	Decor/Vases & Ornaments
cold sleep pod	Furniture/Pod
colorful juice	Kitchen/Drink
colorful wheel	Toys/Game
colorful-lantern arch	Outdoors/Garden
common bluebottle model	Decor/Figurines & Models
common butterfly model	Decor/Figurines & Models
compact kitchen	Kitchen/Kitchenware
concrete pillar	Furniture/Pillar
cone	Outdoors/Garden
construction scaffolding	Outdoors/Garden
construction sign	Decor/Wall Decor
conveyor belt	Electronics/Machine
cookies	Kitchen/Food
cooking tools	Kitchen/Cookware
cool bed	Furniture/Bed
cool chair	Furniture/Chair
cool dining table	Furniture/Table
cool globe	Decor/Vases & Ornaments
cool hyacinth wreath	Decor/Wall Decor
cool low table	Furniture/Table
cool pansy wreath	Decor/Wall Decor
cool side table	Furniture/Table
cool sofa	Furniture/Sofa
cool windflower wreath	Decor/Wall Decor
cooler box	Furniture/Storage
copy machine	Electronics/Office
cordless phone	Electronics/Phone
corkboard	Decor/Wall Decor
corner clothing rack	Furniture/Rack
cornucopia	Decor/Vases & Ornaments
cosmos shower	Bathroom/Bathroom
cosmos wreath	Decor/Wall Decor
cotton-candy stall	Outdoors/Garden
counter chair	Furniture/Chair
counter table	Furniture/Table
covered counter	Kitchen/Kitchenware
covered wagon	Outdoors/Garden
crane game	Toys/Toy
crawfish model	Decor/Figurines & Models
cream and sugar	Kitchen/Kitchenware
creepy skeleton	Decor/Figurines & Models
crescent-moon chair	Furniture/Chair
crest doorplate	Decor/Wall Decor
crew member's seat	Furniture/Seat
crewed spaceship	Toys/Vehicle
cricket model	Decor/Figurines & Models
crosswalk signal	Decor/Wall Decor
crucian carp model	Decor/Figurines & Models
cruiser bike	Outdoors/Sports
cube light	Decor/Lighting
cuckoo clock	Furniture/Clock
cucumber horse	Decor/Figurines & Models
cup with saucer	Kitchen/Cups
curry with rice	Kitchen/Food
curtain partition	Decor/Wall Decor
curved streetlight	Decor/Lighting
cushion	Decor/Cushion
cute DIY table	Furniture/Table
cute bed	Furniture/Bed
cute chair	Furniture/Chair
cute floor lamp	Decor/Lighting
cute music player	Electronics/Audio
cute sofa	Furniture/Sofa
cute tea table	Furniture/Table
cute vanity	Furniture/Vanity
cute wall-mounted clock	Furniture/Clock
cute wardrobe	Furniture/Storage
cutlery	Kitchen/Cutlery
cutting board	Kitchen/Cookware
cyclommatus stag model	Decor/Figurines & Models
cypress bathtub	Bathroom/Bathroom
cypress plant	Decor/Plants
dab model	Decor/Figurines & Models
dace model	Decor/Figurines & Models
damselfly model	Decor/Figurines & Models
dango	Kitchen/Food
dark lily wreath	Decor/Wall Decor
dark rose wreath	Decor/Wall Decor
dark tulip wreath	Decor/Wall Decor
darner dragonfly model	Decor/Figurines & Models
dartboard	Decor/Wall Decor
decayed tree	Decor/Plants
decorative bottles	Decor/Vases & Ornaments
decorative pillar	Furniture/Pillar
decorative plate	Decor/Wall Decor
decoy duck	Decor/Figurines & Models
deep fryer	Kitchen/Appliance
deer decoration	Decor/Figurines & Models
deer scare	Outdoors/Garden
deluxe washer	Electronics/Appliance
den chair	Furniture/Chair
den desk	Furniture/Desk
desk mirror	Decor/Wall Decor
desktop computer	Electronics/Computer
desktop mic	Electronics/Audio
dessert carrier	Kitchen/Kitchenware
dessert case	Furniture/Display
destinations signpost	Decor/Wall Decor
dharma	Decor/Figurines & Models
diced-salad sandwich set	Kitchen/Food
die	Toys/Game
digital alarm clock	Furniture/Clock
digital scale	Kitchen/Scale
diner chair	Furniture/Chair
diner counter chair	Furniture/Chair
diner counter table	Furniture/Table
diner dining table	Furniture/Table
diner mini table	Furniture/Table
diner neon clock	Furniture/Clock
diner neon sign	Decor/Lighting
diner sofa	Furniture/Sofa
dinnerware	Kitchen/Plates
dinosaur toy	Toys/Toy
director's chair	Furniture/Chair
disco ball	Decor/Lighting
dish-drying rack	Kitchen/Kitchenware
dispenser	Kitchen/Dispenser
display stand	Furniture/Storage
diving beetle model	Decor/Figurines & Models
document stack	Decor/Art & Craft
doghouse	Outdoors/Garden
dollhouse	Toys/Toy
dolly	Toys/Toy
donation box	Furniture/Storage
donut stool	Furniture/Stool
dorado model	Decor/Figurines & Models
dormant volcano	Decor/Figurines & Models
double Gloucester cheese	Kitchen/Food
double sofa	Furniture/Sofa
double-door refrigerator	Kitchen/Appliance/Fridge
double-edged sword	Decor/Armor & Weapons
double-sided wall clock	Furniture/Clock
drapery	Decor/Wall Decor
dreamy bear toy	Toys/Toy
dreamy bed	Furniture/Bed
dreamy hanging decoration	Decor/Wall Decor
dreamy rabbit toy	Toys/Toy
dreamy shelves	Furniture/Shelf
dreamy unicorn toy	Toys/Toy
dreamy wall rack	Furniture/Storage
dress mannequin	Furniture/Mannequin
dress-up doll	Toys/Toy
dried-flower garland	Decor/Wall Decor
drink machine	Electronics/Machine
drinking fountain	Outdoors/Garden
drone beetle model	Decor/Figurines & Models
drum set	Decor/Instruments/Drums
drying rack	Furniture/Rack
dual hanging monitors	Electronics/Screen
dung beetle model	Decor/Figurines & Models
earth-boring dung b. model	Decor/Figurines & Models
effects rack	Furniture/Rack
eggplant cow	Decor/Figurines & Models
elaborate display case	Furniture/Storage
elaborate kimono stand	Furniture/Storage
electric bass	Decor/Instruments
electric guitar	Decor/Instruments/Guitar
electric kick scooter	Toys/Toy
electronics kit	Electronics/Kit
elegant bed	Furniture/Bed
elegant chair	Furniture/Chair
elegant console table	Furniture/Table
elegant dresser	Furniture/Storage
elegant lamp	Decor/Lighting
elegant mirror	Decor/Wall Decor
elegant sofa	Furniture/Sofa
elephant slide	Toys/Toy
emperor butterfly model	Decor/Figurines & Models
enamel lamp	Decor/Lighting
espresso maker	Kitchen/Appliance/Espresso Machine
essay set	Decor/Desk & Office
evening cicada model	Decor/Figurines & Models
evergreen ash	Decor/Plants
exam table	Furniture/Table
examination-room desk	Furniture/Desk
excavator	Toys/Vehicle
exercise ball	Outdoors/Fitness
exercise bike	Outdoors/Fitness
exit sign	Decor/Wall Decor
extinguisher	Electronics/Safety
extravagant meal	Kitchen/Food
fairy bottle	Decor/Vases & Ornaments
fan	Electronics/Fan
fan palm	Decor/Plants
fancy bathroom vanity	Furniture/Vanity
fancy frame	Decor/Wall Decor
fancy lily wreath	Decor/Wall Decor
fancy mum wreath	Decor/Wall Decor
fancy rose wreath	Decor/Wall Decor
fancy tea set	Kitchen/Tea
fancy violin	Decor/Instruments/Violin
fancy water pitcher	Kitchen/Kitchenware
fax machine	Electronics/Office
fence	Outdoors/Garden
festival lantern	Decor/Lighting
festival zongzi	Kitchen/Food
festival-lantern set	Decor/Lighting
festive top set	Decor/Seasonal
festive tree	Decor/Plants
festive wreath	Decor/Wall Decor
film projector	Electronics/Screen
fine vase	Decor/Vases & Ornaments
fire hydrant	Outdoors/Garden
fire pit	Outdoors/Garden
firefly model	Decor/Figurines & Models
fireplace	Decor/Fireplaces & Hearths
firewood	Outdoors/Garden
first-aid kit	Bathroom/First Aid
first-anniversary cake	Kitchen/Food
fish container	Furniture/Storage
fish doorplate	Decor/Wall Decor
fish plaque	Decor/Wall Decor
fish poster	Decor/Wall Decor
fish print	Decor/Wall Decor
fish-and-chips	Kitchen/Food
fish-drying rack	Furniture/Storage
fishing-boat flag	Decor/Wall Decor
fishing-rod stand	Furniture/Storage
flashy-flower sign	Decor/Wall Decor
flat garden rock	Outdoors/Garden
flea model	Decor/Figurines & Models
floating block	Toys/Toy
floating-biotope planter	Decor/Plants
floor lamp	Decor/Lighting
floor light	Decor/Lighting
floor monitor	Electronics/Screen
floor seat	Furniture/Chair
floor sign	Decor/Wall Decor
floral sconce	Decor/Wall Decor
floral swag	Decor/Wall Decor
flower bed	Furniture/Bed
flower display case	Decor/Plants
flower planter	Decor/Plants
flower stand	Decor/Plants
flower tabletop mirror	Decor/Wall Decor
fluorescent light	Decor/Lighting
fly model	Decor/Figurines & Models
flying saucer	Decor/Figurines & Models
folding chair	Furniture/Chair
folding floor lamp	Decor/Lighting
foosball table	Furniture/Table
football	Outdoors/Sports
football fish model	Decor/Figurines & Models
forbidden altar	Decor/Figurines & Models
formal paper	Decor/Art & Craft
forsythia	Decor/Plants
fortune-cookie cart	Kitchen/Kitchenware
fortune-telling set	Decor/Desk & Office
fossil doorplate	Decor/Wall Decor
fossil plaque	Decor/Wall Decor
fountain	Outdoors/Garden
fragrance diffuser	Decor/Vases & Ornaments
fragrance sticks	Decor/Vases & Ornaments
framed art poster	Decor/Wall Decor
framed fossil poster	Decor/Wall Decor
framed photo	Decor/Wall Decor
framed poster	Decor/Wall Decor
framed sea-creature poster	Decor/Wall Decor
freezer	Kitchen/Appliance/Freezer
french fries	Kitchen/Food
fresh cooler	Furniture/Storage
fresh-food trays	Kitchen/Food
freshwater goby model	Decor/Figurines & Models
fried rice	Kitchen/Food
frog model	Decor/Figurines & Models
froggy chair	Furniture/Chair
frosted cookies	Kitchen/Food
frosted pretzels	Kitchen/Food
frozen arch	Outdoors/Garden
frozen bed	Furniture/Bed
frozen chair	Furniture/Chair
frozen counter	Kitchen/Kitchenware
frozen mini snowperson	Decor/Figurines & Models
frozen partition	Decor/Wall Decor
frozen pillar	Furniture/Pillar
frozen sculpture	Decor/Figurines & Models
frozen table	Furniture/Table
frozen tree	Decor/Plants
frozen-drink machine	Electronics/Machine
frozen-treat set	Kitchen/Food
fruit basket	Kitchen/Food
fruit cupcakes	Kitchen/Food
fruit pizza	Kitchen/Food
fruit salad	Kitchen/Food
fruit scones	Kitchen/Food
fruit wreath	Decor/Wall Decor
fruit-topped pancakes	Kitchen/Food
frying pan	Kitchen/Cookware
full-length mirror	Decor/Wall Decor
futon	Furniture/Bed
futuristic meal	Kitchen/Food
game-show stand	Outdoors/Garden
gaming chair	Furniture/Chair
gaming desk	Furniture/Desk
gar model	Decor/Figurines & Models
garbage bin	Furniture/Storage
garbage can	Furniture/Storage
garbage pail	Furniture/Storage
garden bench	Furniture/Bench
garden chair	Furniture/Chair
garden faucet	Outdoors/Garden
garden gnome	Outdoors/Garden
garden lantern	Decor/Lighting
garden rock	Outdoors/Garden
garden table	Furniture/Table
garden wagon	Outdoors/Garden
gas range	Kitchen/Appliance
gazebo	Outdoors/Garden
gear apparatus	Decor/Vases & Ornaments
gear tower	Decor/Vases & Ornaments
gears	Decor/Vases & Ornaments
giant cicada model	Decor/Figurines & Models
giant ornament	Decor/Seasonal
giant snakehead model	Decor/Figurines & Models
giant stag model	Decor/Figurines & Models
giant teddy bear	Toys/Toy
giant trevally model	Decor/Figurines & Models
giant vine	Decor/Plants
giant water bug model	Decor/Figurines & Models
gift pile	Decor/Seasonal
glass holder with candle	Decor/Lighting
glass jar	Decor/Vases & Ornaments
glass pitcher	Kitchen/Kitchenware
glass showcase	Furniture/Display
globe	Decor/Vases & Ornaments
glow-in-the-dark stickers	Decor/Wall Decor
glowing-moss balloon	Decor/Ceiling Decor
glowing-moss boulder	Outdoors/Garden
glowing-moss jar	Decor/Vases & Ornaments
glowing-moss pond	Outdoors/Garden
glowing-moss statue	Decor/Figurines & Models
glowing-moss stool	Furniture/Stool
glowing-moss wreath	Decor/Wall Decor
glowing-moss-jar shelves	Furniture/Storage
gnocchi di carote	Kitchen/Food
gnocchi di patate	Kitchen/Food
gnocchi di zucca	Kitchen/Food
go board	Toys/Toy
gold HHA plaque	Decor/Wall Decor
gold HHA trophy	Decor/Figurines & Models
gold bars	Decor/Vases & Ornaments
gold bug trophy	Decor/Figurines & Models
gold fish trophy	Decor/Figurines & Models
gold rose wreath	Decor/Wall Decor
gold turtle figurine	Decor/Figurines & Models
gold-nugget mining car	Toys/Vehicle
golden altar	Decor/Figurines & Models
golden arowana model	Decor/Figurines & Models
golden bathtub	Bathroom/Bathroom
golden candlestick	Decor/Lighting
golden casket	Furniture/Storage
golden decorative plate	Decor/Wall Decor
golden dharma	Decor/Figurines & Models
golden dishes	Decor/Wall Decor
golden dung beetle	Decor/Figurines & Models
golden garden bunny	Outdoors/Garden
golden gear apparatus	Decor/Vases & Ornaments
golden gear tower	Decor/Vases & Ornaments
golden gears	Decor/Vases & Ornaments
golden meter and pipes	Decor/Vases & Ornaments
golden piggy bank	Furniture/Storage
golden pillar	Furniture/Pillar
golden plate armor	Decor/Armor & Weapons
golden samurai suit	Decor/Armor & Weapons
golden seat	Furniture/Seat
golden stag model	Decor/Figurines & Models
golden toilet	Bathroom/Bathroom
golden trout model	Decor/Figurines & Models
golden urn	Decor/Figurines & Models
golden vase	Decor/Vases & Ornaments
golden wristwatch	Furniture/Clock
goldfish model	Decor/Figurines & Models
golf bag	Outdoors/Sports
gong	Decor/Instruments/Gong
grand Atlas moth model	Decor/Figurines & Models
grand Q. A. birdwing model	Decor/Figurines & Models
grand b. dragonfly model	Decor/Figurines & Models
grand giraffe stag model	Decor/Figurines & Models
grand goliath beetle model	Decor/Figurines & Models
grand h. hercules model	Decor/Figurines & Models
grand piano	Decor/Instruments/Piano
grass standee	Outdoors/Garden
grasshopper model	Decor/Figurines & Models
grasshopper-head model	Decor/Figurines & Models
gratin	Kitchen/Food
great purple emperor model	Decor/Figurines & Models
great white shark model	Decor/Figurines & Models
green-leaf pile	Outdoors/Garden
greenhouse box	Furniture/Storage
grilled sea bass with herbs	Kitchen/Food
guppy model	Decor/Figurines & Models
gurney	Kitchen/Kitchenware
hammerhead shark model	Decor/Figurines & Models
hammock	Furniture/Bed
hamster cage	Pets/Pet
handcart	Kitchen/Kitchenware
handwashing area	Bathroom/Sink
handy water cooler	Kitchen/Drink
hanger rack	Furniture/Rack
hanging clothing rack	Furniture/Storage
hanging cube light	Decor/Lighting
hanging glowing moss	Decor/Wall Decor
hanging guide sign	Decor/Wall Decor
hanging lightbulb	Decor/Lighting
hanging monitor	Electronics/Screen
hanging scroll	Decor/Wall Decor
hanging shelves	Furniture/Storage
hanging sign	Decor/Wall Decor
hanging stage lights	Decor/Lighting
hanging terrarium	Decor/Plants
harp	Decor/Instruments/Harp
hay bed	Furniture/Bed
heart	Decor/Vases & Ornaments
heart doorplate	Decor/Wall Decor
heart-shaped bouquet	Decor/Vases & Ornaments
hearth	Decor/Fireplaces & Hearths
hearty ramen	Kitchen/Food
hedge standee	Outdoors/Garden
hermit crab model	Decor/Figurines & Models
hi-fi stereo	Electronics/Audio
high chair	Furniture/Chair
high-end stereo	Electronics/Audio
hinaningyo	Decor/Figurines & Models
holiday candle	Decor/Lighting
homework set	Decor/Desk & Office
honeybee model	Decor/Figurines & Models
horizontal organizer	Furniture/Organizer
horizontal split curtains	Decor/Wall Decor
horned atlas model	Decor/Figurines & Models
horned dynastid model	Decor/Figurines & Models
horned elephant model	Decor/Figurines & Models
horse mackerel model	Decor/Figurines & Models
horseshoe door decoration	Decor/Seasonal
hose reel	Outdoors/Garden
hospital bed	Furniture/Bed
hospital screen	Decor/Wall Decor
hotel mug	Kitchen/Cups
hotel pennant	Decor/Wall Decor
hotel snow globe	Decor/Vases & Ornaments
hotel towel rack	Bathroom/Bathroom
hotel wall clock	Furniture/Clock
hourglass	Decor/Desk & Office
hula doll	Toys/Toy
humidifier	Electronics/Appliance
hyacinth lamp	Decor/Lighting
hyacinth wreath	Decor/Wall Decor
ice pail	Furniture/Storage
ice-cream display	Furniture/Display
iced caffè latte	Kitchen/Drink
iced coffee	Kitchen/Drink
iced lemon tea	Kitchen/Drink
illuminated present	Decor/Seasonal
illuminated reindeer	Decor/Seasonal
illuminated snowflakes	Decor/Seasonal
illuminated tree	Decor/Plants
imperial bed	Furniture/Bed
imperial chest	Furniture/Storage
imperial decorative shelves	Furniture/Shelf
imperial dining chair	Furniture/Chair
imperial dining lantern	Decor/Lighting
imperial dining table	Furniture/Table
imperial lamp	Decor/Lighting
imperial low table	Furniture/Table
imperial partition	Decor/Wall Decor
imperial pot	Kitchen/Cookware
incense burner	Decor/Figurines & Models
inflatable bird ring	Outdoors/Garden
inflatable plaza toy	Outdoors/Garden
inflatable sofa	Furniture/Sofa
infused-water dispenser	Kitchen/Dispenser
inspection equipment	Electronics/Equipment
instant noodles	Kitchen/Food
intercom monitor	Electronics/Intercom
iron closet	Furniture/Storage
iron doorplate	Decor/Wall Decor
iron frame	Decor/Wall Decor
iron garden bench	Furniture/Bench
iron garden chair	Furniture/Chair
iron garden table	Furniture/Table
iron hanger stand	Furniture/Storage
iron shelf	Furniture/Storage
iron wall lamp	Decor/Lighting
iron wall rack	Furniture/Storage
iron worktable	Furniture/Table
ironing board	Bathroom/Ironing
ironing set	Bathroom/Ironing
ironwood DIY workbench	Furniture/Bench
ironwood bed	Furniture/Bed
ironwood cart	Kitchen/Kitchenware
ironwood chair	Furniture/Chair
ironwood clock	Furniture/Clock
ironwood cupboard	Furniture/Storage
ironwood dresser	Furniture/Storage
ironwood kitchenette	Kitchen/Kitchenware
ironwood low table	Furniture/Table
ironwood table	Furniture/Table
jackhammer	Electronics/Power Tool
jail bars	Outdoors/Garden
jarred bamboo shoots	Decor/Plants
jarred mushrooms	Kitchen/Food
jewel beetle model	Decor/Figurines & Models
judge's bell	Decor/Vases & Ornaments
juicy-apple TV	Electronics/TV
jukebox	Electronics/Audio
kabu ankake	Kitchen/Food
kadomatsu	Decor/Seasonal
kagamimochi	Decor/Seasonal
karaoke system	Electronics/Music Player
karei no nitsuke	Kitchen/Food
katana	Decor/Armor & Weapons
ketchup fried rice	Kitchen/Food
kettle	Kitchen/Appliance
kettle bathtub	Bathroom/Bathroom
kettlebell	Outdoors/Fitness
key holder	Decor/Wall Decor
key tray	Decor/Vases & Ornaments
kiddie car	Toys/Toy
kiddie house	Toys/Playground
kiddie partition	Decor/Wall Decor
kiddie seesaw	Toys/Playground
kiddie slide	Toys/Playground
kids' tent	Toys/Toy
killifish model	Decor/Figurines & Models
kimono stand	Furniture/Storage
king salmon model	Decor/Figurines & Models
kitchen counter	Kitchen/Kitchenware
kitchen dishwasher	Kitchen/Appliance/Dishwasher
kitchen island	Kitchen/Kitchenware
kitchen stove	Kitchen/Appliance/Stove
kitty litter box	Pets/Pet
knife block	Kitchen/Cookware
koi model	Decor/Figurines & Models
kotatsu	Furniture/Table
lab chair	Furniture/Chair
lab-experiments set	Electronics/Lab
ladybug model	Decor/Figurines & Models
lantern	Decor/Lighting
laptop	Electronics/Computer
large Mushroom Platform	Furniture/Platform
large café table	Furniture/Table
large cardboard boxes	Furniture/Storage
large covered round table	Furniture/Table
large magazine rack	Furniture/Rack
lawn chair	Furniture/Chair
lawn mower	Outdoors/Garden
leaf campfire	Outdoors/Garden
leaf stool	Furniture/Stool
lecture-hall bench	Furniture/Bench
lecture-hall desk	Furniture/Desk
left chalkboard section	Decor/Wall Decor
life ring	Outdoors/Garden
lifeguard chair	Furniture/Chair
light switch	Electronics/Switch
light-bulb sign	Decor/Lighting
lighted display stand	Decor/Lighting
lighthouse	Outdoors/Garden
lily record player	Electronics/Audio
lily wreath	Decor/Wall Decor
lily-pad table	Furniture/Table
loach model	Decor/Figurines & Models
loft bed with desk	Furniture/Desk
log bed	Furniture/Bed
log bench	Furniture/Bench
log chair	Furniture/Chair
log decorative shelves	Furniture/Shelf
log dining table	Furniture/Table
log extra-long sofa	Furniture/Sofa
log garden lounge	Furniture/Sofa
log round table	Furniture/Table
log stakes	Outdoors/Garden
log stool	Furniture/Stool
log wall-mounted clock	Furniture/Clock
long bathtub	Bathroom/Bathroom
long folding table	Furniture/Table
long locust model	Decor/Figurines & Models
loom	Decor/Art & Craft
low brick island counter	Kitchen/Kitchenware
low concrete island counter	Kitchen/Kitchenware
low folding table	Furniture/Table
low golden island counter	Kitchen/Kitchenware
low marble island counter	Kitchen/Kitchenware
low screen	Decor/Wall Decor
low simple island counter	Kitchen/Kitchenware
low steel island counter	Kitchen/Kitchenware
low wooden island counter	Kitchen/Kitchenware
lucky cat	Decor/Figurines & Models
lucky gold cat	Decor/Figurines & Models
lunar lander	Toys/Vehicle
lunar rover	Toys/Vehicle
luncheon plate meal	Kitchen/Food
luxury car	Toys/Toy
macrame tapestry	Decor/Wall Decor
magazine	Decor/Art & Craft
magazine rack	Furniture/Rack
magic kit	Toys/Game
magnetic knife rack	Kitchen/Kitchenware
mahi-mahi model	Decor/Figurines & Models
makeup pouch	Bathroom/Makeup
man-faced stink bug model	Decor/Figurines & Models
manhole cover	Outdoors/Garden
mantis model	Decor/Figurines & Models
mantis-head model	Decor/Figurines & Models
maple-leaf pond stone	Outdoors/Garden
marble fireplace	Decor/Fireplaces & Hearths
marble kitchen island	Kitchen/Kitchenware
marble pillar	Furniture/Pillar
marble table	Furniture/Table
marble vanity	Furniture/Vanity
marble wall clock	Furniture/Clock
marigold decoration	Decor/Seasonal
marimba	Decor/Instruments/Marimba
matryoshka	Decor/Figurines & Models
maypole	Outdoors/Garden
medicine chest	Furniture/Storage
medieval building side	Outdoors/Garden
medium cardboard boxes	Furniture/Storage
medium wooden partition	Decor/Wall Decor
meeting-room table	Furniture/Table
melon soda	Kitchen/Drink
menu chalkboard	Decor/Wall Decor
merchandise table	Furniture/Table
mermaid bed	Furniture/Bed
mermaid chair	Furniture/Chair
mermaid closet	Furniture/Storage
mermaid dresser	Furniture/Storage
mermaid lamp	Decor/Lighting
mermaid screen	Decor/Wall Decor
mermaid shelf	Furniture/Storage
mermaid sofa	Furniture/Sofa
mermaid table	Furniture/Table
mermaid vanity	Furniture/Vanity
mermaid wall clock	Furniture/Clock
metal can	Furniture/Storage
metal pot	Kitchen/Cookware
metal-and-wood chair	Furniture/Chair
metal-and-wood table	Furniture/Table
meter and pipes	Decor/Vases & Ornaments
metronome	Decor/Instruments
mic stand	Decor/Instruments/Microphone
microscope	Electronics/Lab
microwave	Kitchen/Appliance/Microwave
midsized clothing rack	Furniture/Rack
migratory locust model	Decor/Figurines & Models
milk can	Kitchen/Kitchenware
milk-glass lamp	Decor/Lighting
milkshake	Kitchen/Drink
minestrone soup	Kitchen/Food
mini DIY workbench	Furniture/Bench
mini circuit	Toys/Game
mini dharma	Decor/Figurines & Models
mini fridge	Kitchen/Appliance/Fridge
mini golden dharma	Decor/Figurines & Models
mini-cactus set	Decor/Plants
minicar	Toys/Toy
mining car	Toys/Toy
miso ramen	Kitchen/Food
mitten crab model	Decor/Figurines & Models
mixed-fruits bagel sandwich	Kitchen/Food
mixed-fruits crepe	Kitchen/Food
mixed-fruits pie	Kitchen/Food
mixed-fruits sandwich	Kitchen/Food
mixed-fruits tart	Kitchen/Food
mixer	Kitchen/Appliance/Mixer
miyama stag model	Decor/Figurines & Models
moai statue	Decor/Figurines & Models
mobile	Decor/Ceiling Decor
mochi pestle	Kitchen/Kitchenware
model kit	Decor/Figurines & Models
model kits	Decor/Figurines & Models
modeling clay	Decor/Art & Craft
modern cash register	Kitchen/Register
modern hospital bed	Furniture/Bed
modern office chair	Furniture/Chair
mole cricket model	Decor/Figurines & Models
monarch butterfly model	Decor/Figurines & Models
monster statue	Decor/Figurines & Models
monstera	Decor/Plants
moon	Decor/Vases & Ornaments
moon cakes	Kitchen/Food
mop	Bathroom/Cleaning
moray eel model	Decor/Figurines & Models
mosquito model	Decor/Figurines & Models
moss ball	Decor/Plants
mossy garden rock	Outdoors/Garden
moth model	Decor/Figurines & Models
mountain bike	Outdoors/Sports
mountain standee	Outdoors/Garden
mounted black bass	Decor/Wall Decor
mounted blue marlin	Decor/Wall Decor
mounted mountain bike	Decor/Wall Decor
mug	Kitchen/Cups
mug shelves	Kitchen/Cups
mum cushion	Decor/Cushion
mum wreath	Decor/Wall Decor
mush lamp	Decor/Lighting
mush log	Decor/Vases & Ornaments
mush low stool	Furniture/Stool
mush parasol	Decor/Parasols
mush partition	Decor/Wall Decor
mush table	Furniture/Table
mushroom crepe	Kitchen/Food
mushroom curry	Kitchen/Food
mushroom pizza	Kitchen/Food
mushroom potage	Kitchen/Food
mushroom salad	Kitchen/Food
mushroom wreath	Decor/Wall Decor
music stand	Decor/Instruments
nail-art set	Bathroom/Makeup
nanakusa gayu	Kitchen/Food
natural garden chair	Furniture/Chair
natural garden table	Furniture/Table
natural mum wreath	Decor/Wall Decor
natural square table	Furniture/Table
nearly busted radio	Electronics/Audio
neon tetra model	Decor/Figurines & Models
neutral corner	Outdoors/Sports
nibble fish model	Decor/Figurines & Models
nigirizushi	Kitchen/Food
nova light	Decor/Lighting
nuptial bell	Decor/Vases & Ornaments
nuptial doorplate	Decor/Wall Decor
nuptial ring pillow	Decor/Cushion
nutcracker	Decor/Figurines & Models
oarfish model	Decor/Figurines & Models
ocean sunfish model	Decor/Figurines & Models
office cabinet	Furniture/Storage
office chair	Furniture/Chair
office desk	Furniture/Desk
office materials	Decor/Desk & Office
oil barrel	Furniture/Storage
oil lamp	Decor/Lighting
oil-barrel bathtub	Bathroom/Bathroom
old sewing machine	Electronics/Machine
old-fashioned alarm clock	Furniture/Clock
old-fashioned washtub	Bathroom/Washbasin
olive flounder model	Decor/Figurines & Models
olive-flounder meunière	Kitchen/Food
omurice	Kitchen/Food
open wooden shelves	Furniture/Shelf
open-frame kitchen	Kitchen/Kitchenware
operating-room cart	Kitchen/Kitchenware
orange end table	Furniture/Table
orange jelly	Kitchen/Food
orange marmalade	Kitchen/Food
orange pie	Kitchen/Food
orange pound cake	Kitchen/Food
orange smoothie	Kitchen/Drink
orange tart	Kitchen/Food
orange wall-mounted clock	Furniture/Clock
orchid mantis model	Decor/Figurines & Models
organic bread	Kitchen/Food
ornament garland	Decor/Wall Decor
ornament mobile	Decor/Ceiling Decor
ornament table lamp	Decor/Lighting
ornament tree	Decor/Plants
ornament wreath	Decor/Wall Decor
ornithopter	Toys/Toy
osechi	Kitchen/Food
outdoor air conditioner	Electronics/Air Conditioner
outdoor bath	Bathroom/Bathroom
outdoor bench	Furniture/Bench
outdoor folding chair	Furniture/Chair
outdoor folding table	Furniture/Table
outdoor generator	Electronics/Generator
outdoor kitchen	Kitchen/Kitchenware
outdoor picnic set	Outdoors/Garden
outdoor table	Furniture/Table
owl clock	Furniture/Clock
pad krapow	Kitchen/Food
pagoda	Outdoors/Garden
paint cans	Furniture/Storage
painting set	Decor/Art & Craft
pale chub model	Decor/Figurines & Models
palm-tree lamp	Decor/Lighting
pampas grass	Decor/Plants
pancakes	Kitchen/Food
pansy table	Furniture/Table
pansy wreath	Decor/Wall Decor
pants press	Bathroom/Ironing
paper kite butterfly model	Decor/Figurines & Models
paper lantern	Decor/Lighting
paper tiger	Decor/Figurines & Models
paper-chain ceiling garland	Decor/Ceiling Decor
parabolic antenna	Electronics/Equipment
park clock	Furniture/Clock
park fountain	Outdoors/Garden
partition wall	Decor/Wall Decor
party garland	Decor/Wall Decor
patchwork bed	Furniture/Bed
patchwork chair	Furniture/Chair
patchwork low table	Furniture/Table
patchwork sofa chair	Furniture/Chair
paw-print doorplate	Decor/Wall Decor
peach chair	Furniture/Chair
peach jam	Kitchen/Food
peach jelly	Kitchen/Food
peach pie	Kitchen/Food
peach smoothie	Kitchen/Drink
peach surprise box	Furniture/Storage
peach tart	Kitchen/Food
peacock butterfly model	Decor/Figurines & Models
peacock chair	Furniture/Chair
pear bed	Furniture/Bed
pear jam	Kitchen/Food
pear jelly	Kitchen/Food
pear pie	Kitchen/Food
pear smoothie	Kitchen/Drink
pear tart	Kitchen/Food
pear wardrobe	Furniture/Storage
pedal board	Decor/Instruments
pendulum clock	Furniture/Clock
pennant	Decor/Wall Decor
pergola	Outdoors/Garden
pesce all'acqua pazza	Kitchen/Food
pet bed	Pets/Pet
pet food bowl	Pets/Pet
phone box	Electronics/Phone
phonograph	Electronics/Music Player
piano bench	Furniture/Bench
pickled veggies	Kitchen/Food
picnic basket	Furniture/Storage
piggy bank	Furniture/Storage
pike model	Decor/Figurines & Models
pilaf	Kitchen/Food
pile of cardboard boxes	Furniture/Storage
pile of cash	Decor/Vases & Ornaments
pile of leaves	Outdoors/Garden
pile of zen cushions	Decor/Cushion
pill bug model	Decor/Figurines & Models
pinball machine	Toys/Arcade
pine bonsai tree	Decor/Plants
pine tree	Decor/Plants
pipe	Furniture/Pipe
piranha model	Decor/Figurines & Models
pirate barrel	Furniture/Storage
pirate-ship cannon	Decor/Figurines & Models
pirate-ship helm	Decor/Armor & Weapons
pirate-treasure chest	Furniture/Storage
pitcher plant	Decor/Plants
pizza margherita	Kitchen/Food
plain cupcakes	Kitchen/Food
plain party-lights arch	Decor/Lighting
plain scones	Kitchen/Food
plain sink	Kitchen/Kitchenware
plain wooden shop sign	Decor/Wall Decor
plant partition	Decor/Plants
plasma ball	Decor/Lighting
plastic bench	Furniture/Bench
plastic canister	Furniture/Storage
plastic clothing organizer	Furniture/Organizer
plastic pool	Outdoors/Garden
plate armor	Decor/Armor & Weapons
playground gym	Toys/Toy
plaza arch	Outdoors/Garden
plaza balloon wagon	Outdoors/Garden
plaza bench	Furniture/Bench
plaza clock	Furniture/Clock
plaza ferris wheel	Toys/Playground
plaza game stand	Outdoors/Garden
plaza merry-go-round	Toys/Playground
plaza teacup ride	Toys/Playground
plaza train	Toys/Vehicle
plush massage chair	Furniture/Chair
podium	Furniture/Table
poke	Kitchen/Food
pond smelt model	Decor/Figurines & Models
pond stone	Outdoors/Garden
pondskater model	Decor/Figurines & Models
pool	Outdoors/Garden
poolside bed	Furniture/Bed
pop-eyed goldfish model	Decor/Figurines & Models
pop-up book	Toys/Book
pop-up toaster	Kitchen/Appliance/Toaster
popcorn machine	Kitchen/Machine
popcorn snack set	Kitchen/Food
porcelain vase	Decor/Vases & Ornaments
portable radio	Electronics/Radio
portable record player	Electronics/Music Player
portable toilet	Bathroom/Bathroom
poster stand	Decor/Wall Decor
pot	Kitchen/Cookware
pot rack	Kitchen/Kitchenware
potato curry	Kitchen/Food
potato galette	Kitchen/Food
potato potage	Kitchen/Food
potted ivy	Decor/Plants
potted starter plants	Decor/Plants
pound cake	Kitchen/Food
powder-room booth	Bathroom/Booth
power stone	Outdoors/Garden
premium nigirizushi	Kitchen/Food
pretty cosmos wreath	Decor/Wall Decor
pretty tulip wreath	Decor/Wall Decor
pretzels	Kitchen/Food
pro coffee grinder	Kitchen/Drink
pro tape recorder	Electronics/Recorder
professional headphones	Electronics/Audio
project table	Furniture/Table
projection screen	Electronics/Screen
protein shaker bottle	Kitchen/Bottle
public bench	Furniture/Bench
public telephone	Electronics/Phone
puffer fish model	Decor/Figurines & Models
pull-apart bread	Kitchen/Food
pull-up-bar stand	Outdoors/Fitness
pumpkin bagel sandwich	Kitchen/Food
pumpkin cupcakes	Kitchen/Food
pumpkin curry	Kitchen/Food
pumpkin pie	Kitchen/Food
pumpkin pound cake	Kitchen/Food
pumpkin scones	Kitchen/Food
pumpkin soup	Kitchen/Food
punching bag	Outdoors/Fitness
puppy plushie	Toys/Toy
purple hyacinth wreath	Decor/Wall Decor
pyramid	Decor/Figurines & Models
raccoon figurine	Decor/Figurines & Models
raccoon wall clock	Furniture/Clock
rainbow stag model	Decor/Figurines & Models
rainbowfish model	Decor/Figurines & Models
ranch bed	Furniture/Bed
ranch chair	Furniture/Chair
ranch cupboard	Furniture/Storage
ranch kitchen	Kitchen/Kitchenware
ranch lowboard	Furniture/Storage
ranch tea table	Furniture/Table
ranch wardrobe	Furniture/Storage
ranchu goldfish model	Decor/Figurines & Models
range hood	Kitchen/Appliance
rattan armchair	Furniture/Chair
rattan bed	Furniture/Bed
rattan end table	Furniture/Table
rattan low table	Furniture/Table
rattan stool	Furniture/Stool
rattan table lamp	Decor/Lighting
rattan towel basket	Bathroom/Bathroom
rattan vanity	Furniture/Vanity
rattan wardrobe	Furniture/Storage
rattan waste bin	Furniture/Storage
ray model	Decor/Figurines & Models
reception chair	Furniture/Chair
reception counter	Kitchen/Kitchenware
record box	Furniture/Storage
recycled-can thumb piano	Decor/Instruments/Piano
recycled-paper bundle	Furniture/Storage
red corner	Outdoors/Sports
red dragonfly model	Decor/Figurines & Models
red snapper model	Decor/Figurines & Models
red-leaf pile	Outdoors/Garden
refrigerator	Kitchen/Appliance/Fridge
rescue mannequin	Furniture/Mannequin
retro TV	Electronics/TV
retro fan	Electronics/Fan
retro gas pump	Outdoors/Garden
retro ice-cream case	Furniture/Display
retro massage chair	Furniture/Chair
retro radiator	Electronics/Heater
retro stereo	Electronics/Stereo
retro transportation stop	Outdoors/Garden
revolving spice rack	Kitchen/Cookware
ribbon eel model	Decor/Figurines & Models
rice cooker	Kitchen/Appliance/Rice Cooker
rice grasshopper model	Decor/Figurines & Models
right chalkboard section	Decor/Wall Decor
ring	Decor/Vases & Ornaments
ring light	Decor/Lighting
ringtoss	Toys/Game
risotto	Kitchen/Food
robot arm	Electronics/Machine
robot hero	Electronics/Machine
robust cicada model	Decor/Figurines & Models
rock guitar	Decor/Instruments/Guitar
rocket	Toys/Toy
rocket lamp	Decor/Lighting
rocking chair	Furniture/Chair
rocking horse	Toys/Toy
rodeo-style springy ride-on	Toys/Ride
rolling cart	Kitchen/Kitchenware
rolling suitcase	Furniture/Storage
rope partition	Decor/Wall Decor
rosalia batesi beetle model	Decor/Figurines & Models
rose bed	Furniture/Bed
rose wreath	Decor/Wall Decor
rotary phone	Electronics/Phone
round light fixture	Decor/Lighting
round pillow	Decor/Cushion
round space heater	Electronics/Heater
round streetlight	Decor/Lighting
round topiary	Decor/Plants
ruined arch	Outdoors/Garden
ruined broken pillar	Furniture/Pillar
ruined decorated pillar	Furniture/Pillar
ruined seat	Furniture/Seat
rupee	Decor/Vases & Ornaments
saddled bichir model	Decor/Figurines & Models
safe	Furniture/Storage
safety barrier	Outdoors/Garden
safety railing	Outdoors/Garden
salad	Kitchen/Food
salad bar	Kitchen/Counter
salad-stuffed tomato	Kitchen/Food
salade de carottes râpées	Kitchen/Food
salmon bagel sandwich	Kitchen/Food
salmon model	Decor/Figurines & Models
salmon sandwich	Kitchen/Food
sample case	Electronics/Audio
sampler	Electronics/Audio
samurai suit	Decor/Armor & Weapons
sand castle	Toys/Toy
sandbox	Toys/Toy
sandwich plate meal	Kitchen/Food
sardines in oil	Kitchen/Food
satellite	Decor/Figurines & Models
sauna heater	Electronics/Heater
sautéed olive flounder	Kitchen/Food
savory bread	Kitchen/Food
saw shark model	Decor/Figurines & Models
saw stag model	Decor/Figurines & Models
scarab beetle model	Decor/Figurines & Models
scarecrow	Outdoors/Garden
scattered papers	Decor/Art & Craft
schefflera	Decor/Plants
school chair	Furniture/Chair
school desk	Furniture/Desk
school locker	Furniture/Storage
science pod	Electronics/Lab
scooter	Toys/Toy
scoreboard	Outdoors/Garden
scorpion model	Decor/Figurines & Models
scrapbook	Decor/Art & Craft
screen	Decor/Wall Decor
sea bass model	Decor/Figurines & Models
sea butterfly model	Decor/Figurines & Models
sea globe	Decor/Vases & Ornaments
sea horse model	Decor/Figurines & Models
sea-bass pie	Kitchen/Food
seafood ajillo	Kitchen/Food
seafood pizza	Kitchen/Food
seafood salad	Kitchen/Food
seaweed soup	Kitchen/Food
senmaizuke barrel	Furniture/Storage
server	Electronics/Computer
serving cart	Kitchen/Kitchenware
set of stockings	Decor/Wall Decor
sewing machine	Electronics/Machine
sewing project	Decor/Art & Craft
shaded floor lamp	Decor/Lighting
shaded pendant lamp	Decor/Lighting
shamrock doorplate	Decor/Wall Decor
shaved-ice maker	Kitchen/Machine
shell arch	Outdoors/Garden
shell bed	Furniture/Bed
shell fountain	Outdoors/Garden
shell lamp	Decor/Lighting
shell music box	Decor/Instruments
shell partition	Decor/Wall Decor
shell speaker	Electronics/Audio
shell stool	Furniture/Stool
shell table	Furniture/Table
shell wreath	Decor/Wall Decor
shio ramen	Kitchen/Food
ship-wheel door decoration	Decor/Wall Decor
shoji divider	Decor/Wall Decor
shopping bag	Furniture/Storage
shopping basket	Furniture/Storage
shopping cart	Kitchen/Kitchenware
short file cabinet	Furniture/Storage
short simple panel	Decor/Wall Decor
shower booth	Bathroom/Bathroom
shower set	Bathroom/Bathroom
shoyu ramen	Kitchen/Food
sideways pirate barrel	Furniture/Storage
signpost	Decor/Wall Decor
silent princess	Decor/Figurines & Models
silo	Outdoors/Garden
silver HHA plaque	Decor/Wall Decor
silver HHA trophy	Decor/Figurines & Models
silver bug trophy	Decor/Figurines & Models
silver confetti blower	Toys/Toy
silver fish trophy	Decor/Figurines & Models
silver mic	Decor/Instruments/Microphone
simple DIY workbench	Furniture/Bench
simple bed	Furniture/Bed
simple chair	Furniture/Chair
simple kettle	Kitchen/Appliance
simple panel	Decor/Wall Decor
simple pillar	Furniture/Pillar
simple shaded lamp	Decor/Lighting
simple small dresser	Furniture/Storage
simple sofa	Furniture/Sofa
simple stool	Furniture/Stool
simple streetlamp	Decor/Lighting
simple table	Furniture/Table
simple vanity	Furniture/Vanity
simple wall shelf	Furniture/Storage
simple well	Outdoors/Garden
siphon	Kitchen/Drink
siren	Outdoors/Garden
skateboard	Toys/Toy
skateboard wall rack	Furniture/Storage
skeleton	Decor/Figurines & Models
ski rack	Furniture/Rack
skull doorplate	Decor/Wall Decor
sleeping bag	Furniture/Bed
sleigh	Outdoors/Garden
sloppy bed	Furniture/Bed
sloppy sink	Kitchen/Kitchenware
sloppy sofa	Furniture/Sofa
sloppy table	Furniture/Table
small LED display	Electronics/Screen
small Mushroom Platform	Furniture/Platform
small café table	Furniture/Table
small cardboard boxes	Furniture/Storage
small clothing rack	Furniture/Rack
small covered round table	Furniture/Table
small mannequin	Furniture/Mannequin
small vase	Decor/Vases & Ornaments
small wooden partition	Decor/Wall Decor
smoker	Outdoors/Garden
snack	Kitchen/Food
snack bread	Kitchen/Food
snack machine	Electronics/Machine
snail model	Decor/Figurines & Models
snapping turtle model	Decor/Figurines & Models
snare drum	Decor/Instruments/Drums
snazzy pansy wreath	Decor/Wall Decor
snow globe	Decor/Vases & Ornaments
snowflake wreath	Decor/Wall Decor
soccer goal	Outdoors/Sports
soft-serve lamp	Decor/Lighting
soft-shelled turtle model	Decor/Figurines & Models
solar panel	Electronics/Solar
songpyeon	Kitchen/Food
soup kettle	Kitchen/Cookware
space shuttle	Toys/Vehicle
spaceship control panel	Electronics/Screen
spaghetti carbonara	Kitchen/Food
spaghetti genovese	Kitchen/Food
spaghetti marinara	Kitchen/Food
spaghetti napolitan	Kitchen/Food
spaghetti peperoncino	Kitchen/Food
speed bag	Outdoors/Fitness
sphinx	Decor/Figurines & Models
spider doorplate	Decor/Wall Decor
spider model	Decor/Figurines & Models
spider web	Decor/Seasonal
spinning wheel	Decor/Art & Craft
spiral chandelier	Decor/Lighting
spooky arch	Outdoors/Garden
spooky candy set	Kitchen/Food
spooky carriage	Decor/Seasonal
spooky chair	Furniture/Chair
spooky cookies	Kitchen/Food
spooky garland	Decor/Wall Decor
spooky lantern	Decor/Lighting
spooky lantern set	Decor/Lighting
spooky scarecrow	Outdoors/Garden
spooky standing lamp	Decor/Lighting
spooky table	Furniture/Table
spooky table setting	Furniture/Table
spooky tower	Decor/Figurines & Models
spooky tree	Decor/Plants
spooky trick lamp	Decor/Lighting
spray can	Decor/Art & Craft
springy ride-on	Toys/Ride
square bathtub	Bathroom/Bathroom
squat toilet	Bathroom/Bathroom
squid bumper	Decor/Figurines & Models
squid jukebox	Electronics/Audio
squid model	Decor/Figurines & Models
squid-ink curry	Kitchen/Food
squid-ink spaghetti	Kitchen/Food
stack of books	Decor/Art & Craft
stack of clothes	Furniture/Storage
stacked bags	Furniture/Storage
stacked bottle crates	Furniture/Storage
stacked fish containers	Furniture/Storage
stacked magazines	Decor/Art & Craft
stacked senmaizuke barrels	Furniture/Storage
stacked shoeboxes	Furniture/Storage
stacked shopping baskets	Furniture/Storage
stadiometer	Bathroom/Scale
stadium light	Decor/Lighting
stage flame machine	Electronics/Machine
stage lights	Decor/Lighting
stained-glass light	Decor/Lighting
stair dresser	Furniture/Storage
stall	Outdoors/Garden
stand mixer	Kitchen/Appliance/Mixer
standard umbrella stand	Furniture/Storage
standing electric sign	Decor/Wall Decor
standing shop sign	Decor/Wall Decor
standing toilet	Bathroom/Bathroom
star clock	Furniture/Clock
starry garland	Decor/Wall Decor
steamer-basket set	Kitchen/Cookware
steamroller	Toys/Vehicle
steel fence	Outdoors/Garden
steel pillar	Furniture/Pillar
steel trash can	Furniture/Storage
stepladder	Furniture/Ladder
stewpot	Kitchen/Cookware
stinkbug model	Decor/Figurines & Models
stone arch	Outdoors/Garden
stone lion-dog	Outdoors/Garden
stone stool	Furniture/Stool
stone table	Furniture/Table
stone tablet	Outdoors/Garden
stonework kitchen	Kitchen/Kitchenware
storage shed	Outdoors/Garden
store shelf	Furniture/Storage
storefront	Outdoors/Garden
stovetop espresso maker	Kitchen/Appliance/Espresso Machine
strapped books	Decor/Art & Craft
strategic meeting table	Furniture/Table
strawberry soda	Kitchen/Drink
street lamp with banners	Decor/Lighting
street organ	Decor/Instruments/Organ
street piano	Decor/Instruments/Piano
streetlamp	Decor/Lighting
stringfish model	Decor/Figurines & Models
stroller	Toys/Stroller
studio spotlight	Decor/Lighting
studio wall spotlight	Decor/Lighting
study carrel	Furniture/Desk
study chair	Furniture/Chair
study desk	Furniture/Desk
study poster	Decor/Wall Decor
sturdy office desk	Furniture/Desk
sturdy paper bag	Furniture/Storage
sturdy sewing box	Furniture/Storage
sturgeon model	Decor/Figurines & Models
stylish spotlight	Decor/Lighting
stylish wall spotlight	Decor/Lighting
succulent plant	Decor/Plants
suckerfish model	Decor/Figurines & Models
sugar crepe	Kitchen/Food
super-premium nigirizushi	Kitchen/Food
surfboard	Outdoors/Garden
surgeonfish model	Decor/Figurines & Models
surichwi tteok	Kitchen/Food
surveillance camera	Electronics/Camera
suspicious cauldron	Decor/Vases & Ornaments
sweetfish model	Decor/Figurines & Models
swinging bench	Furniture/Bench
sword	Decor/Armor & Weapons
synthesizer	Decor/Instruments/Synthesizer
system kitchen	Kitchen/Kitchenware
table lamp	Decor/Lighting
table setting	Furniture/Table
table with cloth	Furniture/Table
tablet device	Electronics/Computer
tabletop POP display	Furniture/Table
tabletop festive tree	Furniture/Table
tabletop record player	Electronics/Audio
tadpole model	Decor/Figurines & Models
tall brick island counter	Kitchen/Kitchenware
tall concrete island counter	Kitchen/Kitchenware
tall file cabinet	Furniture/Storage
tall garden rock	Outdoors/Garden
tall golden island counter	Kitchen/Kitchenware
tall lantern	Decor/Lighting
tall marble island counter	Kitchen/Kitchenware
tall simple island counter	Kitchen/Kitchenware
tall steel island counter	Kitchen/Kitchenware
tall wooden island counter	Kitchen/Kitchenware
tangled cords	Decor/Desk & Office
tangyuan	Kitchen/Food
tank	Pets/Pet
tankless toilet	Bathroom/Bathroom
tantanmen	Kitchen/Food
tape deck	Electronics/Music Player
tapestry	Decor/Wall Decor
tarantula model	Decor/Figurines & Models
tatami bed	Furniture/Bed
tea set	Kitchen/Tea
tea table	Furniture/Table
telescope	Electronics/Telescope
tennis table	Outdoors/Sports
tension-pole rack	Furniture/Rack
termite mound	Decor/Figurines & Models
terrarium	Decor/Plants
thank-you Dad mug	Kitchen/Cups
thank-you Mom mug	Kitchen/Cups
theremin	Decor/Instruments/Theremin
three-tiered snowperson	Decor/Figurines & Models
throne	Furniture/Chair
throwback container	Furniture/Storage
throwback dino screen	Decor/Wall Decor
throwback gothic mirror	Decor/Wall Decor
throwback hat table	Furniture/Table
throwback mitt chair	Furniture/Chair
throwback race-car bed	Furniture/Bed
throwback rocket	Toys/Toy
throwback skull radio	Electronics/Audio
throwback wall clock	Furniture/Clock
throwback wrestling figure	Decor/Figurines & Models
thumbprint jam cookies	Kitchen/Food
tiger beetle model	Decor/Figurines & Models
tiger butterfly model	Decor/Figurines & Models
tiki torch	Decor/Lighting
tilapia model	Decor/Figurines & Models
timber doorplate	Decor/Wall Decor
timpani drums	Decor/Instruments/Drums
tin bucket	Furniture/Storage
tin robot	Electronics/Machine
tiny library	Furniture/Storage
tire stack	Outdoors/Garden
tire toy	Toys/Toy
tissue box	Bathroom/Bathroom
titan arum	Decor/Plants
toilet	Bathroom/Bathroom
toilet-cleaning set	Bathroom/Bathroom
tokonoma	Decor/Wall Decor
tomates al ajillo	Kitchen/Food
tomato bagel sandwich	Kitchen/Food
tomato curry	Kitchen/Food
tomato juice	Kitchen/Drink
tomato puree	Kitchen/Food
tool cart	Kitchen/Kitchenware
tool shelf	Furniture/Storage
toolbox	Furniture/Storage
toothbrush-and-cup set	Kitchen/Cups
torii	Outdoors/Garden
touchscreen cash register	Kitchen/Kitchenware
tourist telescope	Outdoors/Garden
toy box	Toys/Toy
toy centipede	Toys/Toy
toy cockroach	Toys/Toy
toy duck	Toys/Toy
tractor	Toys/Vehicle
traditional balancing toy	Toys/Toy
traditional tea set	Kitchen/Tea
train set	Toys/Toy
transit seat	Furniture/Seat
trash bags	Furniture/Storage
treadmill	Outdoors/Fitness
tree branch wreath	Decor/Wall Decor
tree standee	Outdoors/Garden
tree's bounty arch	Outdoors/Garden
tree's bounty big tree	Decor/Plants
tree's bounty lamp	Decor/Lighting
tree's bounty little tree	Decor/Plants
tree's bounty mobile	Decor/Ceiling Decor
triangular topiary	Decor/Plants
tricycle	Toys/Toy
trophy case	Furniture/Storage
truck	Toys/Vehicle
trumpet	Decor/Instruments/Trumpet
tubular chair	Furniture/Chair
tubular lamp	Decor/Lighting
tubular magazine rack	Furniture/Rack
tubular shelves	Furniture/Shelf
tubular table	Furniture/Table
tulip surprise box	Furniture/Storage
tulip wreath	Decor/Wall Decor
tuna model	Decor/Figurines & Models
turnip salad	Kitchen/Food
twelve-grape dish	Kitchen/Food
typewriter	Electronics/Office
ukulele	Decor/Instruments/Ukulele
unfinished puzzle	Toys/Toy
unfolded reference sheet	Decor/Art & Craft
unglazed dish set	Kitchen/Food
unknown machine	Electronics/Machine
upright locker	Furniture/Storage
upright organizer	Furniture/Organizer
upright piano	Decor/Instruments/Piano
upright speaker	Electronics/Audio
upright vacuum	Electronics/Appliance
utility pole	Outdoors/Garden
utility sink	Kitchen/Kitchenware
utility wagon	Outdoors/Garden
vacuum cleaner	Electronics/Appliance
veggie basket	Furniture/Storage
veggie cookies	Kitchen/Food
veggie crepe	Kitchen/Food
veggie cupcakes	Kitchen/Food
veggie plate meal	Kitchen/Food
veggie quiche	Kitchen/Food
veggie sandwich	Kitchen/Food
veggie sandwich set	Kitchen/Food
vehicle cabin seat	Furniture/Chair
velvet stool	Furniture/Stool
ventilation fan	Electronics/Fan
vertical banner	Decor/Wall Decor
vertical split curtains	Decor/Wall Decor
video camera	Electronics/Camera
vine bench	Furniture/Bench
vine garland	Decor/Wall Decor
vine hanging chair	Furniture/Chair
vine lamp	Decor/Lighting
vintage TV tray	Furniture/Table
vintage desk	Furniture/Desk
vintage dresser	Furniture/Storage
vintage low table	Furniture/Table
vintage sofa	Furniture/Sofa
vintage stool	Furniture/Stool
violin beetle model	Decor/Figurines & Models
volleyball net	Outdoors/Sports
walker cicada model	Decor/Figurines & Models
walking leaf model	Decor/Figurines & Models
walking stick model	Decor/Figurines & Models
wall clock	Furniture/Clock
wall fan	Electronics/Fan
wall planter	Decor/Plants
wall shelf with bottles	Furniture/Storage
wall-mounted LED display	Decor/Wall Decor
wall-mounted TV (20 in.)	Electronics/TV
wall-mounted TV (50 in.)	Electronics/TV
wall-mounted bookshelf	Furniture/Storage
wall-mounted candle	Decor/Lighting
wall-mounted neon lamps	Decor/Lighting
wall-mounted phone	Electronics/Phone
wall-mounted tool board	Furniture/Storage
washbasin	Bathroom/Sink
wasp model	Decor/Figurines & Models
wasp-head model	Decor/Figurines & Models
water bird	Decor/Figurines & Models
water cooler	Kitchen/Drink
water pump	Outdoors/Garden
wave breaker	Outdoors/Garden
wedding arch	Outdoors/Garden
wedding bench	Furniture/Bench
wedding cake	Kitchen/Food
wedding candle set	Decor/Lighting
wedding chair	Furniture/Chair
wedding decoration	Decor/Seasonal
wedding flower stand	Decor/Plants
wedding head table	Furniture/Table
wedding pipe organ	Decor/Instruments/Organ
wedding table	Furniture/Table
wedding welcome board	Decor/Wall Decor
weight bench	Furniture/Bench
western-style meal	Kitchen/Food
western-style stone	Outdoors/Garden
whale shark model	Decor/Figurines & Models
wharf roach model	Decor/Figurines & Models
wheat field	Decor/Plants
wheelchair	Furniture/Chair
whirlpool bath	Bathroom/Bathroom
whiteboard	Decor/Wall Decor
whoopee cushion	Toys/Toy
wide display stand	Furniture/Storage
wild log bench	Furniture/Bench
wind turbine	Outdoors/Garden
windflower fan	Decor/Wall Decor
windflower wreath	Decor/Wall Decor
windmill	Outdoors/Garden
winnowing machine	Electronics/Machine
wobbling Zipper toy	Toys/Toy
wood partition	Decor/Wall Decor
wood-burning stove	Kitchen/Appliance/Stove
wood-plank table	Furniture/Table
wood-shade lamp	Decor/Lighting
wooden bookshelf	Furniture/Storage
wooden box	Furniture/Storage
wooden bucket	Furniture/Storage
wooden chair	Furniture/Chair
wooden chest	Furniture/Storage
wooden double bed	Furniture/Bed
wooden end table	Furniture/Table
wooden field sign	Decor/Wall Decor
wooden fish	Decor/Instruments
wooden full-length mirror	Decor/Wall Decor
wooden locker	Furniture/Storage
wooden low table	Furniture/Table
wooden mini table	Furniture/Table
wooden music box	Decor/Instruments
wooden pendant light	Decor/Lighting
wooden pillar	Furniture/Pillar
wooden simple bed	Furniture/Bed
wooden stool	Furniture/Stool
wooden storage shed	Outdoors/Garden
wooden table	Furniture/Table
wooden table mirror	Decor/Wall Decor
wooden toolbox	Furniture/Storage
wooden wardrobe	Furniture/Storage
wooden waste bin	Furniture/Storage
wooden-block bed	Furniture/Bed
wooden-block bench	Furniture/Bench
wooden-block bookshelf	Furniture/Storage
wooden-block chair	Furniture/Chair
wooden-block chest	Furniture/Storage
wooden-block stereo	Electronics/Audio
wooden-block stool	Furniture/Stool
wooden-block table	Furniture/Table
wooden-block toy	Toys/Toy
wooden-block wall clock	Furniture/Clock
wooden-plank sign	Decor/Wall Decor
world map	Decor/Wall Decor
wristwatch	Furniture/Clock
yacht	Toys/Vehicle
yellow butterfly model	Decor/Figurines & Models
yellow perch model	Decor/Figurines & Models
yellow-leaf pile	Outdoors/Garden
yoga mat	Outdoors/Fitness
yucca	Decor/Plants
yunomi teacup	Kitchen/Cups
zebra turkeyfish model	Decor/Figurines & Models
zen bench	Furniture/Bench
zen cushion	Decor/Cushion
zen light	Decor/Lighting
zen low table	Furniture/Table
zen lowboard	Furniture/Storage
zen-style stone	Outdoors/Garden
zodiac boar figurine	Decor/Figurines & Models
zodiac dog figurine	Decor/Figurines & Models
zodiac dragon figurine	Decor/Figurines & Models
zodiac horse figurine	Decor/Figurines & Models
zodiac monkey figurine	Decor/Figurines & Models
zodiac ox figurine	Decor/Figurines & Models
zodiac pig figurine	Decor/Figurines & Models
zodiac rabbit figurine	Decor/Figurines & Models
zodiac rat figurine	Decor/Figurines & Models
zodiac rooster figurine	Decor/Figurines & Models
zodiac sheep figurine	Decor/Figurines & Models
zodiac snake figurine	Decor/Figurines & Models
zodiac tiger figurine	Decor/Figurines & Models
π pie	Kitchen/Food
